operation,time
write, 0.000003
write, 0.000003
write, 0.000003
write, 0.000003
write, 0.000004
write, 0.000003
write, 0.000003
write, 0.000003
write, 0.000003
write, 0.000003
write, 0.000003
write, 0.000003
write, 0.000003
write, 0.000003
write, 0.000003
write, 0.000003
write, 0.000003
write, 0.000003
write, 0.000003
